{
	"$schema": "https://raw.githubusercontent.com/martinring/tmlanguage/master/tmlanguage.json",
	"name": "OpenSPG KAG Schema",
	"patterns": [
		{
			"include": "#comments"
		},
		{
			"name": "keyword.control.namespace.schema",
			"match": "^\\s*(namespace)\\s+([a-zA-Z_][a-zA-Z0-9_]*)"
		},
		{
			"name": "entity.name.type.schema",
			"match": "^\\s*([A-Z][a-zA-Z0-9_]*)(\\s*\\(([^)]+)\\))?\\s*:\\s*(EntityType|ConceptType)",
			"captures": {
				"1": {
					"name": "entity.name.class.schema"
				},
				"3": {
					"name": "comment.parenthetical.schema"
				},
				"4": {
					"name": "storage.type.schema"
				}
			}
		},
		{
			"name": "keyword.control.section.schema",
			"match": "^\\s*(properties|relations):\\s*"
		},
		{
			"name": "meta.property.schema",
			"match": "^\\s*([a-zA-Z_#][a-zA-Z0-9_#]*)(\\s*\\(([^)]+)\\))?\\s*:\\s*([A-Z][a-zA-Z0-9_]*)",
			"captures": {
				"1": {
					"name": "variable.other.property.schema"
				},
				"3": {
					"name": "comment.parenthetical.schema"
				},
				"4": {
					"name": "support.type.schema"
				}
			}
		},
		{
			"name": "keyword.control.constraint.schema",
			"match": "^\\s*(constraint):\\s*(MultiValue|\\w+)"
		},
		{
			"name": "meta.index.schema",
			"match": "^\\s*(index):\\s*(Text|TextAndVector)",
			"captures": {
				"1": {
					"name": "keyword.control.index.schema"
				},
				"2": {
					"name": "support.type.schema"
				}
			}
		},
		{
			"name": "keyword.control.rule.schema",
			"match": "^\\s*(rule):\\s*"
		},
		{
			"name": "meta.hypernymPredicate.schema",
			"match": "^\\s*(hypernymPredicate):\\s*(\\w+)",
			"captures": {
				"1": {
					"name": "keyword.control.schema"
				},
				"2": {
					"name": "support.type.schema"
				}
			}
		}
	],
	"repository": {
		"comments": {
			"name": "comment.line.schema",
			"begin": "###",
			"end": "$"
		}
	},
	"scopeName": "source.schema"
}